id_contrato_jugador;salario_cj;id_club;id_jugador;fecha_inicial;fecha_final
901;3182;101;1001;jueves, 27 de enero de 2022;viernes, 31 de enero de 2025
902;3183;101;1002;martes, 4 de enero de 2011;viernes, 31 de enero de 2025
903;3184;101;1003;jueves, 21 de enero de 2021;viernes, 31 de enero de 2025
904;3185;101;1004;sábado, 1 de enero de 2022;viernes, 31 de enero de 2025
905;6000;101;1005;lunes, 4 de enero de 2021;viernes, 31 de enero de 2025
906;3187;101;1006;martes, 11 de enero de 2022;viernes, 31 de enero de 2025
907;3188;101;1007;martes, 9 de julio de 2019;viernes, 31 de enero de 2025
908;3189;101;1008;miércoles, 1 de enero de 2020;viernes, 31 de enero de 2025
909;3190;101;1009;viernes, 23 de julio de 2021;viernes, 31 de enero de 2025
910;3191;101;1010;martes, 24 de abril de 2018;viernes, 31 de enero de 2025
911;3192;101;1011;miércoles, 6 de enero de 2021;viernes, 31 de enero de 2025
912;3193;101;1012;jueves, 1 de julio de 2021;viernes, 31 de enero de 2025
913;5000;101;1013;miércoles, 1 de enero de 2020;viernes, 31 de enero de 2025
914;9000;101;1014;miércoles, 12 de enero de 2022;viernes, 31 de enero de 2025
915;9001;101;1015;sábado, 1 de enero de 2022;viernes, 31 de enero de 2025
916;9002;101;1016;miércoles, 1 de enero de 2020;viernes, 31 de enero de 2025
917;9003;101;1017;lunes, 11 de julio de 2016;viernes, 31 de enero de 2025
918;9004;101;1018;lunes, 1 de julio de 2019;viernes, 31 de enero de 2025
919;9005;101;1019;sábado, 1 de enero de 2022;viernes, 31 de enero de 2025
920;9006;101;1020;sábado, 1 de enero de 2022;viernes, 31 de enero de 2025
921;9007;101;1021;miércoles, 10 de marzo de 2021;viernes, 31 de enero de 2025
922;9008;101;1022;martes, 5 de enero de 2021;viernes, 31 de enero de 2025
923;9009;101;1023;martes, 2 de julio de 2019;viernes, 31 de enero de 2025
924;9010;101;1024;martes, 1 de enero de 2019;viernes, 31 de enero de 2025
925;3008;101;1025;miércoles, 5 de enero de 2022;viernes, 31 de enero de 2025
926;3009;101;1026;viernes, 1 de enero de 2021;viernes, 31 de enero de 2025
927;3010;101;1027;lunes, 1 de julio de 2019;viernes, 31 de enero de 2025
928;3011;101;1028;sábado, 1 de enero de 2022;viernes, 31 de enero de 2025
929;3012;101;1029;sábado, 1 de enero de 2022;viernes, 31 de enero de 2025
930;9000;101;1030;miércoles, 1 de enero de 2020;viernes, 31 de enero de 2025
931;9001;102;1031;lunes, 1 de julio de 2019;viernes, 31 de enero de 2025
932;9002;102;1032;lunes, 1 de julio de 2019;viernes, 31 de enero de 2025
933;9003;102;1033;jueves, 27 de enero de 2022;viernes, 31 de enero de 2025
934;9004;102;1034;martes, 4 de enero de 2011;jueves, 30 de junio de 2022
935;9005;102;1035;jueves, 21 de enero de 2021;viernes, 31 de enero de 2025
936;9006;102;1036;sábado, 1 de enero de 2022;viernes, 31 de enero de 2025
937;9007;102;1037;lunes, 4 de enero de 2021;viernes, 31 de enero de 2025
938;9008;102;1038;martes, 11 de enero de 2022;viernes, 31 de enero de 2025
939;9009;102;1039;martes, 9 de julio de 2019;jueves, 30 de junio de 2022
940;9010;102;1040;miércoles, 1 de enero de 2020;viernes, 31 de enero de 2025
941;9011;102;1041;viernes, 23 de julio de 2021;viernes, 31 de enero de 2025
942;9012;102;1042;martes, 24 de abril de 2018;viernes, 31 de enero de 2025
943;9013;102;1043;miércoles, 6 de enero de 2021;viernes, 31 de enero de 2025
944;9014;102;1044;jueves, 1 de julio de 2021;domingo, 31 de diciembre de 2023
945;9015;102;1045;miércoles, 1 de enero de 2020;viernes, 31 de enero de 2025
946;9016;102;1046;miércoles, 12 de enero de 2022;viernes, 31 de enero de 2025
947;9017;102;1047;sábado, 1 de enero de 2022;viernes, 31 de enero de 2025
948;9018;102;1048;miércoles, 1 de enero de 2020;domingo, 31 de diciembre de 2023
949;9019;102;1049;lunes, 11 de julio de 2016;viernes, 31 de enero de 2025
950;9020;102;1050;lunes, 1 de julio de 2019;jueves, 30 de junio de 2022
951;9021;102;1051;sábado, 1 de enero de 2022;viernes, 31 de enero de 2025
952;4000;102;1052;sábado, 1 de enero de 2022;viernes, 31 de enero de 2025
953;4001;102;1053;miércoles, 10 de marzo de 2021;viernes, 31 de enero de 2025
954;4002;102;1054;martes, 5 de enero de 2021;sábado, 31 de diciembre de 2022
955;4003;102;1055;martes, 2 de julio de 2019;viernes, 31 de enero de 2025
956;4004;102;1056;martes, 1 de enero de 2019;viernes, 31 de enero de 2025
957;4005;103;1057;miércoles, 5 de enero de 2022;viernes, 31 de enero de 2025
958;4006;103;1058;viernes, 1 de enero de 2021;sábado, 31 de diciembre de 2022
959;4007;103;1059;lunes, 1 de julio de 2019;viernes, 31 de enero de 2025
960;4008;103;1060;sábado, 1 de enero de 2022;domingo, 31 de diciembre de 2023
961;4009;103;1061;sábado, 1 de enero de 2022;viernes, 31 de enero de 2025
962;4010;103;1062;miércoles, 1 de enero de 2020;viernes, 31 de enero de 2025
963;4011;103;1063;lunes, 1 de julio de 2019;viernes, 31 de enero de 2025
964;4012;103;1064;lunes, 1 de julio de 2019;viernes, 31 de enero de 2025
965;4013;103;1065;miércoles, 6 de enero de 2021;viernes, 31 de enero de 2025
966;4014;103;1066;lunes, 1 de julio de 2019;jueves, 30 de junio de 2022
967;4015;103;1067;lunes, 3 de enero de 2022;sábado, 31 de diciembre de 2022
968;4016;103;1068;lunes, 3 de enero de 2022;viernes, 31 de enero de 2025
969;4017;103;1069;miércoles, 1 de enero de 2020;viernes, 31 de enero de 2025
970;4018;103;1070;miércoles, 1 de enero de 2020;sábado, 31 de diciembre de 2022
971;4019;103;1071;lunes, 3 de enero de 2022;viernes, 31 de enero de 2025
972;4020;103;1072;jueves, 3 de febrero de 2022;viernes, 31 de enero de 2025
973;4021;103;1073;sábado, 1 de enero de 2022;domingo, 31 de diciembre de 2023
974;4022;103;1074;miércoles, 1 de enero de 2020;viernes, 31 de enero de 2025
975;4023;103;1075;domingo, 1 de julio de 2018;viernes, 31 de enero de 2025
976;4024;103;1076;sábado, 1 de enero de 2022;sábado, 31 de diciembre de 2022
977;4025;103;1077;viernes, 26 de febrero de 2021;jueves, 30 de junio de 2022
978;4026;103;1078;lunes, 1 de julio de 2019;domingo, 31 de diciembre de 2023
979;4027;103;1079;jueves, 13 de enero de 2022;viernes, 31 de enero de 2025
980;4028;103;1080;lunes, 1 de julio de 2019;sábado, 31 de diciembre de 2022
981;4029;103;1081;miércoles, 1 de enero de 2020;jueves, 30 de junio de 2022
982;4030;103;1082;lunes, 17 de enero de 2022;domingo, 30 de junio de 2024
983;4031;103;1083;sábado, 1 de enero de 2022;sábado, 31 de diciembre de 2022
984;4032;103;1084;sábado, 1 de enero de 2022;sábado, 31 de diciembre de 2022
985;4033;103;1085;miércoles, 1 de julio de 2020;domingo, 31 de diciembre de 2023
986;4034;103;1086;sábado, 9 de enero de 2021;jueves, 30 de junio de 2022
987;4035;104;1087;sábado, 1 de enero de 2022;viernes, 31 de enero de 2025
988;4036;104;1088;martes, 1 de enero de 2019;viernes, 30 de junio de 2023
989;4037;104;1089;jueves, 27 de enero de 2022;viernes, 31 de enero de 2025
990;4038;104;1090;martes, 4 de enero de 2011;viernes, 31 de enero de 2025
991;4039;104;1091;jueves, 21 de enero de 2021;viernes, 31 de enero de 2025
992;4040;104;1092;sábado, 1 de enero de 2022;viernes, 31 de enero de 2025
993;4041;104;1093;lunes, 4 de enero de 2021;viernes, 31 de enero de 2025
994;4042;104;1094;martes, 11 de enero de 2022;viernes, 31 de enero de 2025
995;4043;104;1095;martes, 9 de julio de 2019;viernes, 31 de enero de 2025
996;4044;104;1096;miércoles, 1 de enero de 2020;viernes, 31 de enero de 2025
997;4045;104;1097;viernes, 23 de julio de 2021;sábado, 31 de diciembre de 2022
998;4046;104;1098;martes, 24 de abril de 2018;viernes, 31 de enero de 2025
999;4047;104;1099;miércoles, 6 de enero de 2021;viernes, 31 de enero de 2025
1000;4048;104;1100;jueves, 1 de julio de 2021;viernes, 31 de enero de 2025
1001;4049;104;1101;miércoles, 1 de enero de 2020;viernes, 31 de enero de 2025
1002;4050;104;1102;miércoles, 12 de enero de 2022;viernes, 31 de enero de 2025
1003;4051;104;1103;sábado, 1 de enero de 2022;sábado, 31 de diciembre de 2022
1004;4052;104;1104;miércoles, 1 de enero de 2020;viernes, 31 de enero de 2025
1005;4053;104;1105;lunes, 11 de julio de 2016;viernes, 31 de enero de 2025
1006;4054;104;1106;lunes, 1 de julio de 2019;viernes, 31 de enero de 2025
1007;4055;104;1107;sábado, 1 de enero de 2022;viernes, 31 de enero de 2025
1008;4056;104;1108;sábado, 1 de enero de 2022;viernes, 31 de enero de 2025
1009;4057;104;1109;miércoles, 10 de marzo de 2021;viernes, 31 de enero de 2025
1010;4058;104;1110;martes, 5 de enero de 2021;viernes, 31 de enero de 2025
1011;4059;104;1111;martes, 2 de julio de 2019;viernes, 31 de enero de 2025
1012;4060;104;1112;martes, 1 de enero de 2019;viernes, 31 de enero de 2025
1013;4061;104;1113;miércoles, 5 de enero de 2022;viernes, 31 de enero de 2025
1014;4062;104;1114;viernes, 1 de enero de 2021;viernes, 31 de enero de 2025
1015;4063;104;1115;lunes, 1 de julio de 2019;viernes, 31 de enero de 2025
1016;4064;104;1116;sábado, 1 de enero de 2022;viernes, 31 de enero de 2025
1017;4065;104;1117;sábado, 1 de enero de 2022;viernes, 31 de enero de 2025
1018;4066;104;1118;miércoles, 1 de enero de 2020;viernes, 31 de enero de 2025
1019;4067;104;1119;lunes, 1 de julio de 2019;viernes, 31 de enero de 2025
1020;4068;105;1120;lunes, 1 de julio de 2019;jueves, 30 de junio de 2022
1021;4069;105;1121;jueves, 7 de enero de 2021;viernes, 31 de enero de 2025
1022;4070;105;1122;lunes, 1 de julio de 2019;jueves, 30 de junio de 2022
1023;4071;105;1123;martes, 1 de enero de 2019;domingo, 31 de diciembre de 2023
1024;4072;105;1124;miércoles, 5 de enero de 2022;viernes, 31 de enero de 2025
1025;4073;105;1125;jueves, 1 de julio de 2021;viernes, 31 de enero de 2025
1026;4074;105;1126;martes, 1 de febrero de 2022;viernes, 31 de enero de 2025
1027;4075;105;1127;sábado, 1 de enero de 2022;viernes, 31 de enero de 2025
1028;5021;105;1128;jueves, 1 de julio de 2021;viernes, 31 de enero de 2025
1029;5022;105;1129;viernes, 4 de marzo de 2022;jueves, 30 de junio de 2022
1030;5023;105;1130;jueves, 1 de julio de 2021;viernes, 31 de enero de 2025
1031;5024;105;1131;miércoles, 1 de enero de 2020;viernes, 31 de enero de 2025
1032;5025;105;1132;martes, 1 de enero de 2019;viernes, 31 de enero de 2025
1033;5026;105;1133;jueves, 27 de enero de 2022;viernes, 31 de enero de 2025
1034;5027;105;1134;martes, 4 de enero de 2011;viernes, 31 de enero de 2025
1035;5028;105;1135;jueves, 21 de enero de 2021;viernes, 31 de enero de 2025
1036;5029;105;1136;sábado, 1 de enero de 2022;viernes, 31 de enero de 2025
1037;5030;105;1137;lunes, 4 de enero de 2021;viernes, 31 de enero de 2025
1038;5031;105;1138;martes, 11 de enero de 2022;viernes, 31 de enero de 2025
1039;5032;105;1139;martes, 9 de julio de 2019;sábado, 31 de diciembre de 2022
1040;5033;105;1140;miércoles, 1 de enero de 2020;viernes, 31 de enero de 2025
1041;5034;105;1141;viernes, 23 de julio de 2021;viernes, 31 de enero de 2025
1042;5035;105;1142;martes, 24 de abril de 2018;sábado, 31 de diciembre de 2022
1043;5036;105;1143;miércoles, 6 de enero de 2021;viernes, 31 de enero de 2025
1044;5037;105;1144;jueves, 1 de julio de 2021;jueves, 30 de junio de 2022
1045;5038;105;1145;miércoles, 1 de enero de 2020;viernes, 31 de enero de 2025
1046;5039;105;1146;miércoles, 12 de enero de 2022;viernes, 31 de enero de 2025
1047;5040;105;1147;sábado, 1 de enero de 2022;miércoles, 30 de noviembre de 2022
1048;5041;105;1148;miércoles, 1 de enero de 2020;viernes, 31 de enero de 2025
1049;5042;105;1149;lunes, 11 de julio de 2016;jueves, 30 de junio de 2022
1050;5043;105;1150;lunes, 1 de julio de 2019;viernes, 31 de enero de 2025
1051;5044;105;1151;sábado, 1 de enero de 2022;viernes, 31 de enero de 2025
1052;5045;105;1152;sábado, 1 de enero de 2022;viernes, 31 de enero de 2025
1053;5046;105;1153;miércoles, 10 de marzo de 2021;sábado, 31 de diciembre de 2022
1054;5047;105;1154;martes, 5 de enero de 2021;viernes, 31 de enero de 2025
1055;5048;106;1155;martes, 2 de julio de 2019;viernes, 31 de enero de 2025
1056;5049;106;1156;martes, 1 de enero de 2019;viernes, 31 de enero de 2025
1057;5050;106;1157;miércoles, 5 de enero de 2022;sábado, 31 de diciembre de 2022
1058;5051;106;1158;viernes, 1 de enero de 2021;viernes, 31 de enero de 2025
1059;5052;106;1159;lunes, 1 de julio de 2019;viernes, 31 de enero de 2025
1060;5053;106;1160;sábado, 1 de enero de 2022;jueves, 30 de junio de 2022
1061;5054;106;1161;sábado, 1 de enero de 2022;sábado, 31 de diciembre de 2022
1062;5055;106;1162;miércoles, 1 de enero de 2020;viernes, 31 de enero de 2025
1063;5056;106;1163;lunes, 1 de julio de 2019;viernes, 31 de enero de 2025
1064;5057;106;1164;lunes, 1 de julio de 2019;viernes, 31 de enero de 2025
1065;5058;106;1165;jueves, 24 de diciembre de 2020;viernes, 31 de enero de 2025
1066;5059;106;1166;miércoles, 1 de enero de 2020;viernes, 31 de enero de 2025
1067;5060;106;1167;miércoles, 12 de enero de 2022;viernes, 31 de enero de 2025
1068;5061;106;1168;martes, 1 de enero de 2019;viernes, 31 de enero de 2025
1069;5062;106;1169;lunes, 4 de enero de 2021;viernes, 31 de enero de 2025
1070;5063;106;1170;lunes, 1 de julio de 2019;viernes, 31 de enero de 2025
1071;5064;106;1171;lunes, 1 de enero de 2018;viernes, 31 de enero de 2025
1072;5065;106;1172;miércoles, 1 de enero de 2020;sábado, 30 de diciembre de 2023
1073;5066;106;1173;jueves, 1 de julio de 2021;viernes, 31 de enero de 2025
1074;5067;106;1174;miércoles, 19 de mayo de 2021;martes, 31 de diciembre de 2024
1075;5068;106;1175;martes, 1 de febrero de 2022;viernes, 31 de enero de 2025
1076;5069;106;1176;domingo, 1 de julio de 2018;viernes, 31 de enero de 2025
1077;5070;106;1177;viernes, 2 de julio de 2021;viernes, 31 de enero de 2025
1078;5071;106;1178;miércoles, 1 de julio de 2015;viernes, 31 de enero de 2025
1079;5072;106;1179;sábado, 1 de enero de 2022;jueves, 30 de junio de 2022
1080;5073;106;1180;sábado, 1 de enero de 2022;viernes, 31 de enero de 2025
1081;5074;106;1181;jueves, 1 de julio de 2021;viernes, 31 de enero de 2025
1082;5075;106;1182;jueves, 1 de julio de 2021;jueves, 30 de junio de 2022
1083;5076;106;1183;martes, 1 de enero de 2019;viernes, 31 de enero de 2025
1084;5077;106;1184;martes, 11 de enero de 2022;viernes, 31 de enero de 2025
1085;5078;107;1185;viernes, 1 de enero de 2021;viernes, 31 de enero de 2025
1086;5079;107;1186;viernes, 1 de enero de 2021;viernes, 31 de enero de 2025
1087;5080;107;1187;sábado, 1 de enero de 2022;viernes, 31 de enero de 2025
1088;5081;107;1188;martes, 25 de enero de 2022;viernes, 31 de enero de 2025
1089;5082;107;1189;jueves, 14 de enero de 2021;viernes, 31 de enero de 2025
1090;5083;107;1190;domingo, 23 de enero de 2022;viernes, 31 de enero de 2025
1091;5084;107;1191;lunes, 1 de julio de 2019;sábado, 31 de diciembre de 2022
1092;5085;107;1192;jueves, 8 de julio de 2021;viernes, 31 de enero de 2025
1093;5086;107;1193;viernes, 4 de febrero de 2022;viernes, 31 de enero de 2025
1094;5087;107;1194;jueves, 27 de enero de 2022;viernes, 31 de enero de 2025
1095;5088;107;1195;martes, 9 de julio de 2019;viernes, 31 de enero de 2025
1096;5089;107;1196;miércoles, 1 de enero de 2020;miércoles, 31 de diciembre de 2025
1097;5090;107;1197;miércoles, 12 de enero de 2022;domingo, 30 de junio de 2024
1098;5091;107;1198;sábado, 1 de enero de 2022;domingo, 31 de diciembre de 2023
1099;5092;107;1199;jueves, 27 de enero de 2022;sábado, 31 de diciembre de 2022
1100;5093;107;1200;martes, 4 de enero de 2011;viernes, 31 de enero de 2025
1101;5094;107;1201;miércoles, 6 de enero de 2021;viernes, 31 de enero de 2025
1102;5095;107;1202;sábado, 1 de enero de 2022;sábado, 31 de diciembre de 2022
1103;5096;107;1203;miércoles, 1 de enero de 2020;viernes, 31 de enero de 2025
1104;5097;107;1204;martes, 1 de enero de 2019;viernes, 31 de enero de 2025
1105;5098;107;1205;miércoles, 5 de enero de 2022;viernes, 31 de enero de 2025
1106;5099;107;1206;viernes, 1 de enero de 2021;viernes, 31 de enero de 2025
1107;5100;107;1207;lunes, 1 de julio de 2019;viernes, 31 de enero de 2025
1108;5101;107;1208;jueves, 27 de enero de 2022;viernes, 31 de enero de 2025
1109;5102;107;1209;martes, 5 de enero de 2021;viernes, 30 de junio de 2023
1110;5103;107;1210;sábado, 1 de enero de 2022;viernes, 31 de enero de 2025
1111;5104;107;1211;miércoles, 1 de enero de 2020;viernes, 31 de enero de 2025
1112;5105;107;1212;viernes, 25 de febrero de 2022;viernes, 31 de enero de 2025
1113;5106;107;1213;viernes, 24 de enero de 2020;viernes, 31 de enero de 2025
1114;5107;107;1214;viernes, 6 de agosto de 2021;viernes, 31 de enero de 2025
1115;5108;107;1215;viernes, 1 de enero de 2021;viernes, 31 de enero de 2025
1116;5109;107;1216;jueves, 27 de enero de 2022;sábado, 31 de diciembre de 2022
1117;5110;108;1217;martes, 9 de julio de 2019;sábado, 31 de diciembre de 2022
1118;5111;108;1218;miércoles, 1 de enero de 2020;viernes, 31 de enero de 2025
1119;5112;108;1219;miércoles, 12 de enero de 2022;viernes, 31 de enero de 2025
1120;5113;108;1220;sábado, 1 de enero de 2022;viernes, 31 de enero de 2025
1121;5114;108;1221;jueves, 27 de enero de 2022;viernes, 31 de enero de 2025
1122;5115;108;1222;martes, 4 de enero de 2011;viernes, 31 de enero de 2025
1123;5116;108;1223;miércoles, 6 de enero de 2021;viernes, 31 de enero de 2025
1124;5117;108;1224;sábado, 1 de enero de 2022;viernes, 31 de enero de 2025
1125;5118;108;1225;miércoles, 1 de enero de 2020;viernes, 31 de enero de 2025
1126;5119;108;1226;martes, 1 de enero de 2019;viernes, 31 de enero de 2025
1127;5120;108;1227;miércoles, 5 de enero de 2022;viernes, 31 de enero de 2025
1128;5121;108;1228;viernes, 1 de enero de 2021;viernes, 31 de enero de 2025
1129;5122;108;1229;lunes, 1 de julio de 2019;viernes, 31 de enero de 2025
1130;5123;108;1230;jueves, 27 de enero de 2022;martes, 31 de diciembre de 2024
1131;3097;108;1231;martes, 5 de enero de 2021;viernes, 31 de enero de 2025
1132;3098;108;1232;sábado, 1 de enero de 2022;viernes, 31 de enero de 2025
1133;3099;108;1233;miércoles, 1 de enero de 2020;viernes, 31 de enero de 2025
1134;3100;108;1234;martes, 6 de julio de 2021;viernes, 31 de enero de 2025
1135;3101;108;1235;sábado, 1 de enero de 2022;viernes, 31 de enero de 2025
1136;3102;108;1236;sábado, 1 de enero de 2022;viernes, 31 de enero de 2025
1137;3103;108;1237;jueves, 1 de julio de 2021;viernes, 31 de enero de 2025
1138;3104;108;1238;sábado, 1 de enero de 2022;viernes, 31 de enero de 2025
1139;3105;108;1239;miércoles, 1 de enero de 2020;viernes, 31 de enero de 2025
1140;3106;108;1240;sábado, 26 de enero de 2019;viernes, 31 de enero de 2025
1141;8000;108;1241;jueves, 27 de enero de 2022;sábado, 30 de diciembre de 2023
1142;8001;108;1242;martes, 9 de julio de 2019;sábado, 31 de diciembre de 2022
1143;8002;108;1243;miércoles, 1 de enero de 2020;viernes, 31 de enero de 2025
1144;8003;108;1244;miércoles, 12 de enero de 2022;sábado, 31 de diciembre de 2022
1145;8004;108;1245;sábado, 1 de enero de 2022;viernes, 31 de enero de 2025
1146;8005;108;1246;jueves, 27 de enero de 2022;domingo, 31 de diciembre de 2023
1147;8006;109;1247;martes, 4 de enero de 2011;viernes, 31 de enero de 2025
1148;8007;109;1248;miércoles, 6 de enero de 2021;viernes, 31 de enero de 2025
1149;8008;109;1249;sábado, 1 de enero de 2022;viernes, 31 de enero de 2025
1150;8009;109;1250;miércoles, 1 de enero de 2020;viernes, 31 de enero de 2025
1151;8010;109;1251;martes, 1 de enero de 2019;viernes, 31 de enero de 2025
1152;8011;109;1252;miércoles, 5 de enero de 2022;viernes, 31 de enero de 2025
1153;8012;109;1253;viernes, 1 de enero de 2021;viernes, 31 de enero de 2025
1154;8013;109;1254;lunes, 1 de julio de 2019;viernes, 31 de enero de 2025
1155;8014;109;1255;jueves, 27 de enero de 2022;viernes, 31 de enero de 2025
1156;8015;109;1256;martes, 5 de enero de 2021;viernes, 31 de enero de 2025
1157;8000;109;1257;sábado, 1 de enero de 2022;viernes, 31 de enero de 2025
1158;8001;109;1258;miércoles, 1 de enero de 2020;viernes, 31 de enero de 2025
1159;8002;109;1259;sábado, 1 de enero de 2022;viernes, 31 de enero de 2025
1160;8003;109;1260;martes, 30 de julio de 2019;viernes, 31 de enero de 2025
1161;8004;109;1261;jueves, 27 de enero de 2022;viernes, 31 de enero de 2025
1162;8005;109;1262;martes, 9 de julio de 2019;viernes, 31 de enero de 2025
1163;8006;109;1263;miércoles, 1 de enero de 2020;viernes, 31 de enero de 2025
1164;8007;109;1264;miércoles, 12 de enero de 2022;viernes, 31 de enero de 2025
1165;8008;109;1265;sábado, 1 de enero de 2022;viernes, 31 de enero de 2025
1166;8009;109;1266;jueves, 27 de enero de 2022;viernes, 31 de enero de 2025
1167;8010;109;1267;martes, 4 de enero de 2011;viernes, 31 de enero de 2025
1168;8011;109;1268;miércoles, 6 de enero de 2021;viernes, 31 de enero de 2025
1169;8012;109;1269;sábado, 1 de enero de 2022;jueves, 30 de junio de 2022
1170;8013;109;1270;miércoles, 1 de enero de 2020;viernes, 31 de enero de 2025
1171;8014;109;1271;martes, 1 de enero de 2019;viernes, 31 de enero de 2025
1172;8015;109;1272;miércoles, 5 de enero de 2022;viernes, 31 de enero de 2025
1173;3117;110;1273;viernes, 1 de enero de 2021;viernes, 31 de enero de 2025
1174;3118;110;1274;lunes, 1 de julio de 2019;viernes, 31 de enero de 2025
1175;3119;110;1275;jueves, 27 de enero de 2022;viernes, 31 de enero de 2025
1176;3120;110;1276;martes, 5 de enero de 2021;viernes, 31 de enero de 2025
1177;3121;110;1277;sábado, 1 de enero de 2022;viernes, 31 de enero de 2025
1178;3122;110;1278;miércoles, 1 de enero de 2020;sábado, 31 de diciembre de 2022
1179;3123;110;1279;lunes, 1 de enero de 2018;sábado, 31 de diciembre de 2022
1180;3124;110;1280;viernes, 28 de enero de 2022;viernes, 31 de enero de 2025
1181;3125;110;1281;viernes, 1 de enero de 2021;viernes, 31 de enero de 2025
1182;3126;110;1282;martes, 1 de febrero de 2022;viernes, 31 de enero de 2025
1183;3127;110;1283;miércoles, 5 de mayo de 2021;viernes, 31 de enero de 2025
1184;3128;110;1284;viernes, 1 de enero de 2021;viernes, 31 de enero de 2025
1185;3129;110;1285;martes, 7 de septiembre de 2021;viernes, 31 de enero de 2025
1186;3130;110;1286;martes, 11 de enero de 2022;sábado, 31 de diciembre de 2022
1187;3131;110;1287;jueves, 27 de enero de 2022;miércoles, 31 de diciembre de 2025
1188;3132;110;1288;martes, 9 de julio de 2019;viernes, 31 de enero de 2025
1189;3133;110;1289;miércoles, 1 de enero de 2020;viernes, 31 de enero de 2025
1190;3134;110;1290;miércoles, 12 de enero de 2022;viernes, 31 de enero de 2025
1191;3135;110;1291;sábado, 1 de enero de 2022;viernes, 31 de enero de 2025
1192;3136;110;1292;jueves, 27 de enero de 2022;viernes, 31 de enero de 2025
1193;3137;110;1293;martes, 4 de enero de 2011;viernes, 31 de enero de 2025
1194;3138;110;1294;miércoles, 6 de enero de 2021;miércoles, 31 de diciembre de 2025
1195;3139;110;1295;sábado, 1 de enero de 2022;viernes, 31 de enero de 2025
1196;3140;110;1296;miércoles, 1 de enero de 2020;viernes, 31 de enero de 2025
1197;3141;110;1297;martes, 1 de enero de 2019;viernes, 31 de enero de 2025
1198;3142;110;1298;miércoles, 5 de enero de 2022;viernes, 31 de enero de 2025
1199;3143;110;1299;viernes, 1 de enero de 2021;viernes, 31 de enero de 2025
1200;3144;110;1300;lunes, 1 de julio de 2019;sábado, 31 de diciembre de 2022
1201;3145;110;1301;jueves, 27 de enero de 2022;viernes, 31 de enero de 2025
1202;3146;110;1302;martes, 5 de enero de 2021;viernes, 31 de enero de 2025
1203;3147;110;1303;sábado, 1 de enero de 2022;sábado, 31 de diciembre de 2022
1204;3148;111;1304;miércoles, 1 de enero de 2020;viernes, 31 de enero de 2025
1205;3149;111;1305;lunes, 3 de enero de 2022;viernes, 31 de enero de 2025
1206;3150;111;1306;jueves, 27 de enero de 2022;viernes, 31 de enero de 2025
1207;3151;111;1307;martes, 9 de julio de 2019;viernes, 31 de enero de 2025
1208;3152;111;1308;miércoles, 1 de enero de 2020;viernes, 31 de enero de 2025
1209;3153;111;1309;miércoles, 12 de enero de 2022;viernes, 31 de enero de 2025
1210;3154;111;1310;sábado, 1 de enero de 2022;viernes, 31 de enero de 2025
1211;3155;111;1311;jueves, 27 de enero de 2022;viernes, 31 de enero de 2025
1212;3156;111;1312;martes, 4 de enero de 2011;viernes, 31 de enero de 2025
1213;3157;111;1313;miércoles, 6 de enero de 2021;viernes, 31 de enero de 2025
1214;3158;111;1314;sábado, 1 de enero de 2022;viernes, 31 de enero de 2025
1215;3159;111;1315;miércoles, 1 de enero de 2020;viernes, 31 de enero de 2025
1216;3160;111;1316;martes, 1 de enero de 2019;viernes, 31 de enero de 2025
1217;3161;111;1317;miércoles, 5 de enero de 2022;viernes, 31 de enero de 2025
1218;3162;111;1318;viernes, 1 de enero de 2021;viernes, 31 de enero de 2025
1219;3163;111;1319;lunes, 1 de julio de 2019;viernes, 31 de enero de 2025
1220;3164;111;1320;jueves, 27 de enero de 2022;viernes, 31 de enero de 2025
1221;3165;111;1321;martes, 5 de enero de 2021;viernes, 31 de enero de 2025
1222;3166;111;1322;sábado, 1 de enero de 2022;viernes, 31 de enero de 2025
1223;3167;111;1323;miércoles, 1 de enero de 2020;sábado, 31 de diciembre de 2022
1224;3168;111;1324;domingo, 1 de enero de 2017;miércoles, 30 de noviembre de 2022
1225;3169;111;1325;jueves, 27 de enero de 2022;viernes, 31 de enero de 2025
1226;3170;111;1326;martes, 9 de julio de 2019;viernes, 31 de enero de 2025
1227;7000;111;1327;miércoles, 1 de enero de 2020;viernes, 31 de enero de 2025
1228;7001;111;1328;miércoles, 12 de enero de 2022;viernes, 31 de enero de 2025
1229;7002;111;1329;sábado, 1 de enero de 2022;viernes, 31 de enero de 2025
1230;7003;111;1330;jueves, 27 de enero de 2022;viernes, 31 de enero de 2025
1231;7004;111;1331;martes, 4 de enero de 2011;viernes, 31 de enero de 2025
1232;7005;111;1332;miércoles, 6 de enero de 2021;viernes, 31 de enero de 2025
1233;7006;112;1333;sábado, 1 de enero de 2022;viernes, 31 de enero de 2025
1234;7007;112;1334;miércoles, 1 de enero de 2020;viernes, 31 de enero de 2025
1235;7008;112;1335;martes, 1 de enero de 2019;viernes, 31 de enero de 2025
1236;7009;112;1336;miércoles, 5 de enero de 2022;viernes, 31 de enero de 2025
1237;7010;112;1337;viernes, 1 de enero de 2021;sábado, 31 de diciembre de 2022
1238;7011;112;1338;lunes, 1 de julio de 2019;viernes, 31 de enero de 2025
1239;7012;112;1339;jueves, 27 de enero de 2022;viernes, 31 de enero de 2025
1240;7013;112;1340;martes, 5 de enero de 2021;viernes, 31 de enero de 2025
1241;7014;112;1341;sábado, 1 de enero de 2022;viernes, 31 de enero de 2025
1242;7015;112;1342;miércoles, 1 de enero de 2020;viernes, 31 de enero de 2025
1243;7016;112;1343;miércoles, 1 de enero de 2020;viernes, 31 de enero de 2025
1244;7017;112;1344;sábado, 1 de enero de 2022;viernes, 31 de enero de 2025
1245;7018;112;1345;sábado, 1 de enero de 2022;viernes, 31 de enero de 2025
1246;7019;112;1346;jueves, 27 de enero de 2022;viernes, 31 de enero de 2025
1247;7020;112;1347;martes, 9 de julio de 2019;viernes, 31 de enero de 2025
1248;7021;112;1348;miércoles, 1 de enero de 2020;viernes, 31 de enero de 2025
1249;7022;112;1349;miércoles, 12 de enero de 2022;viernes, 31 de enero de 2025
1250;7023;112;1350;sábado, 1 de enero de 2022;viernes, 31 de enero de 2025
1251;7024;112;1351;jueves, 27 de enero de 2022;viernes, 31 de enero de 2025
1252;7025;112;1352;martes, 4 de enero de 2011;viernes, 31 de enero de 2025
1253;7026;112;1353;miércoles, 6 de enero de 2021;viernes, 31 de enero de 2025
1254;7027;112;1354;sábado, 1 de enero de 2022;viernes, 31 de enero de 2025
1255;7028;112;1355;miércoles, 1 de enero de 2020;viernes, 31 de enero de 2025
1256;7029;112;1356;martes, 1 de enero de 2019;viernes, 31 de enero de 2025
1257;7030;112;1357;miércoles, 5 de enero de 2022;viernes, 31 de enero de 2025
1258;7031;112;1358;viernes, 1 de enero de 2021;viernes, 31 de enero de 2025
1259;7032;112;1359;lunes, 1 de julio de 2019;viernes, 31 de enero de 2025
1260;7033;112;1360;jueves, 27 de enero de 2022;viernes, 31 de enero de 2025
1261;7034;112;1361;martes, 5 de enero de 2021;viernes, 31 de enero de 2025
1262;7035;112;1362;sábado, 1 de enero de 2022;viernes, 31 de enero de 2025
1263;7036;112;1363;miércoles, 1 de enero de 2020;viernes, 31 de enero de 2025
1264;7037;113;1364;miércoles, 19 de enero de 2022;viernes, 31 de enero de 2025
1265;7038;113;1365;jueves, 27 de enero de 2022;viernes, 31 de enero de 2025
1266;7039;113;1366;martes, 9 de julio de 2019;viernes, 31 de enero de 2025
1267;7040;113;1367;miércoles, 1 de enero de 2020;viernes, 31 de enero de 2025
1268;7041;113;1368;miércoles, 12 de enero de 2022;viernes, 31 de enero de 2025
1269;7042;113;1369;sábado, 1 de enero de 2022;viernes, 31 de enero de 2025
1270;7043;113;1370;jueves, 27 de enero de 2022;viernes, 31 de enero de 2025
1271;7044;113;1371;martes, 4 de enero de 2011;viernes, 31 de enero de 2025
1272;7045;113;1372;miércoles, 6 de enero de 2021;viernes, 31 de enero de 2025
1273;7046;113;1373;sábado, 1 de enero de 2022;viernes, 31 de enero de 2025
1274;6000;113;1374;miércoles, 1 de enero de 2020;viernes, 31 de enero de 2025
1275;6001;113;1375;martes, 1 de enero de 2019;viernes, 31 de enero de 2025
1276;6002;113;1376;miércoles, 5 de enero de 2022;viernes, 31 de enero de 2025
1277;6003;113;1377;viernes, 1 de enero de 2021;viernes, 31 de enero de 2025
1278;6004;113;1378;lunes, 1 de julio de 2019;viernes, 31 de enero de 2025
1279;6005;113;1379;jueves, 27 de enero de 2022;viernes, 31 de enero de 2025
1280;6006;113;1380;martes, 5 de enero de 2021;viernes, 31 de enero de 2025
1281;6007;113;1381;sábado, 1 de enero de 2022;viernes, 31 de enero de 2025
1282;6008;113;1382;miércoles, 1 de enero de 2020;sábado, 31 de diciembre de 2022
1283;6009;113;1383;miércoles, 19 de enero de 2022;sábado, 31 de diciembre de 2022
1284;6010;113;1384;jueves, 27 de enero de 2022;viernes, 31 de enero de 2025
1285;6011;113;1385;martes, 9 de julio de 2019;viernes, 31 de enero de 2025
1286;6012;113;1386;miércoles, 1 de enero de 2020;viernes, 31 de enero de 2025
1287;6013;113;1387;miércoles, 12 de enero de 2022;viernes, 31 de enero de 2025
1288;6014;113;1388;sábado, 1 de enero de 2022;viernes, 31 de enero de 2025
1289;6015;113;1389;jueves, 27 de enero de 2022;viernes, 31 de enero de 2025
1290;6016;113;1390;martes, 4 de enero de 2011;viernes, 31 de enero de 2025
1291;6017;113;1391;miércoles, 6 de enero de 2021;viernes, 31 de enero de 2025
1292;6018;113;1392;sábado, 1 de enero de 2022;viernes, 31 de enero de 2025
1293;6019;113;1393;miércoles, 1 de enero de 2020;viernes, 31 de enero de 2025
1294;6020;113;1394;martes, 1 de enero de 2019;viernes, 31 de enero de 2025
1295;6021;114;1395;miércoles, 5 de enero de 2022;viernes, 31 de enero de 2025
1296;6022;114;1396;viernes, 1 de enero de 2021;viernes, 31 de enero de 2025
1297;6023;114;1397;lunes, 1 de julio de 2019;viernes, 31 de enero de 2025
1298;6024;114;1398;jueves, 27 de enero de 2022;viernes, 31 de enero de 2025
1299;6025;114;1399;martes, 5 de enero de 2021;viernes, 31 de enero de 2025
1300;6026;114;1400;sábado, 1 de enero de 2022;viernes, 31 de enero de 2025
1301;6027;114;1401;miércoles, 1 de enero de 2020;viernes, 31 de enero de 2025
1302;6028;114;1402;jueves, 1 de julio de 2021;viernes, 31 de enero de 2025
1303;6029;114;1403;miércoles, 5 de enero de 2022;viernes, 31 de enero de 2025
1304;6030;114;1404;viernes, 21 de enero de 2022;viernes, 31 de enero de 2025
1305;6031;114;1405;viernes, 1 de enero de 2021;viernes, 31 de enero de 2025
1306;6032;114;1406;miércoles, 5 de enero de 2022;viernes, 31 de enero de 2025
1307;6033;114;1407;sábado, 1 de enero de 2022;viernes, 31 de enero de 2025
1308;6034;114;1408;sábado, 1 de enero de 2022;viernes, 31 de enero de 2025
1309;6035;114;1409;miércoles, 30 de enero de 2019;viernes, 31 de enero de 2025
1310;6036;114;1410;jueves, 27 de enero de 2022;viernes, 31 de enero de 2025
1311;6037;114;1411;martes, 9 de julio de 2019;viernes, 31 de enero de 2025
1312;6038;114;1412;miércoles, 1 de enero de 2020;viernes, 31 de enero de 2025
1313;6039;114;1413;miércoles, 12 de enero de 2022;viernes, 31 de enero de 2025
1314;6040;114;1414;sábado, 1 de enero de 2022;viernes, 31 de enero de 2025
1315;6041;114;1415;jueves, 27 de enero de 2022;viernes, 31 de enero de 2025
1316;6042;114;1416;martes, 4 de enero de 2011;viernes, 31 de enero de 2025
1317;6043;114;1417;miércoles, 6 de enero de 2021;viernes, 31 de enero de 2025
1318;6044;114;1418;sábado, 1 de enero de 2022;jueves, 30 de junio de 2022
1319;6045;114;1419;miércoles, 1 de enero de 2020;jueves, 30 de junio de 2022
1320;6046;114;1420;martes, 1 de enero de 2019;viernes, 31 de enero de 2025
1321;6047;114;1421;miércoles, 5 de enero de 2022;viernes, 31 de enero de 2025
1322;6048;114;1422;viernes, 1 de enero de 2021;viernes, 31 de enero de 2025
1323;6049;114;1423;lunes, 1 de julio de 2019;viernes, 31 de enero de 2025
1324;6050;114;1424;jueves, 27 de enero de 2022;viernes, 31 de enero de 2025
1325;6051;114;1425;martes, 5 de enero de 2021;viernes, 31 de enero de 2025
1326;6052;115;1426;sábado, 1 de enero de 2022;viernes, 31 de enero de 2025
1327;6053;115;1427;miércoles, 1 de enero de 2020;viernes, 31 de enero de 2025
1328;6054;115;1428;miércoles, 8 de enero de 2020;viernes, 31 de enero de 2025
1329;6055;115;1429;miércoles, 1 de enero de 2020;viernes, 31 de enero de 2025
1330;6056;115;1430;lunes, 4 de enero de 2021;viernes, 31 de enero de 2025
1331;6057;115;1431;sábado, 15 de enero de 2022;viernes, 31 de enero de 2025
1332;6058;115;1432;sábado, 1 de enero de 2022;viernes, 31 de enero de 2025
1333;6059;115;1433;viernes, 1 de enero de 2021;viernes, 31 de enero de 2025
1334;6060;115;1434;lunes, 1 de enero de 2018;viernes, 31 de enero de 2025
1335;6061;115;1435;jueves, 1 de julio de 2021;viernes, 31 de enero de 2025
1336;6062;115;1436;jueves, 27 de enero de 2022;viernes, 31 de enero de 2025
1337;6063;115;1437;martes, 9 de julio de 2019;viernes, 31 de enero de 2025
1338;6064;115;1438;miércoles, 1 de enero de 2020;viernes, 31 de enero de 2025
1339;6065;115;1439;miércoles, 12 de enero de 2022;viernes, 31 de enero de 2025
1340;6066;115;1440;sábado, 1 de enero de 2022;viernes, 31 de enero de 2025
1341;6067;115;1441;jueves, 27 de enero de 2022;viernes, 31 de enero de 2025
1342;6068;115;1442;martes, 4 de enero de 2011;viernes, 31 de enero de 2025
1343;6069;115;1443;miércoles, 6 de enero de 2021;viernes, 31 de enero de 2025
1344;6070;115;1444;sábado, 1 de enero de 2022;viernes, 31 de enero de 2025
1345;6071;115;1445;miércoles, 1 de enero de 2020;viernes, 31 de enero de 2025
1346;6072;115;1446;martes, 1 de enero de 2019;viernes, 31 de enero de 2025
1347;6073;115;1447;miércoles, 5 de enero de 2022;viernes, 31 de enero de 2025
1348;6074;115;1448;viernes, 1 de enero de 2021;viernes, 31 de enero de 2025
1349;6075;115;1449;lunes, 1 de julio de 2019;viernes, 31 de enero de 2025
1350;6076;115;1450;jueves, 27 de enero de 2022;viernes, 31 de enero de 2025
1351;6077;115;1451;martes, 5 de enero de 2021;viernes, 31 de enero de 2025
1352;6078;115;1452;sábado, 1 de enero de 2022;viernes, 31 de enero de 2025
1353;6079;115;1453;miércoles, 1 de enero de 2020;viernes, 31 de enero de 2025
1354;6080;115;1454;viernes, 30 de julio de 2021;viernes, 31 de enero de 2025
1355;6081;115;1455;viernes, 7 de enero de 2022;viernes, 31 de enero de 2025
1356;6082;115;1456;jueves, 20 de enero de 2022;viernes, 31 de enero de 2025
1357;6083;116;1457;jueves, 27 de enero de 2022;viernes, 31 de enero de 2025
1358;6084;116;1458;martes, 9 de julio de 2019;viernes, 31 de enero de 2025
1359;6085;116;1459;miércoles, 1 de enero de 2020;viernes, 31 de enero de 2025
1360;6086;116;1460;miércoles, 12 de enero de 2022;viernes, 31 de enero de 2025
1361;6087;116;1461;sábado, 1 de enero de 2022;viernes, 31 de enero de 2025
1362;6088;116;1462;jueves, 27 de enero de 2022;sábado, 31 de diciembre de 2022
1363;6089;116;1463;martes, 4 de enero de 2011;viernes, 31 de enero de 2025
1364;6090;116;1464;miércoles, 6 de enero de 2021;viernes, 31 de enero de 2025
1365;6091;116;1465;sábado, 1 de enero de 2022;viernes, 31 de enero de 2025
1366;6092;116;1466;miércoles, 1 de enero de 2020;viernes, 31 de enero de 2025
1367;6093;116;1467;martes, 1 de enero de 2019;viernes, 31 de enero de 2025
1368;6094;116;1468;miércoles, 5 de enero de 2022;viernes, 31 de enero de 2025
1369;6095;116;1469;viernes, 1 de enero de 2021;viernes, 31 de enero de 2025
1370;6096;116;1470;lunes, 1 de julio de 2019;viernes, 31 de enero de 2025
1371;6097;116;1471;jueves, 27 de enero de 2022;viernes, 31 de enero de 2025
1372;6098;116;1472;martes, 5 de enero de 2021;viernes, 31 de enero de 2025
1373;6099;116;1473;sábado, 1 de enero de 2022;viernes, 31 de enero de 2025
1374;6100;116;1474;miércoles, 1 de enero de 2020;viernes, 31 de enero de 2025
1375;6101;116;1475;miércoles, 5 de enero de 2022;viernes, 31 de enero de 2025
1376;6102;116;1476;sábado, 8 de enero de 2022;viernes, 31 de enero de 2025
1377;6103;116;1477;miércoles, 1 de enero de 2020;sábado, 31 de diciembre de 2022
1378;6104;116;1478;sábado, 1 de enero de 2022;viernes, 31 de enero de 2025
1379;6105;116;1479;jueves, 20 de enero de 2022;viernes, 31 de enero de 2025
1380;6106;116;1480;jueves, 1 de julio de 2021;viernes, 31 de enero de 2025
1381;6107;116;1481;sábado, 1 de enero de 2022;viernes, 31 de enero de 2025
1382;6108;116;1482;lunes, 3 de enero de 2022;viernes, 31 de enero de 2025
1383;6109;116;1483;miércoles, 5 de enero de 2022;viernes, 31 de enero de 2025
1384;6110;116;1484;jueves, 27 de enero de 2022;viernes, 31 de enero de 2025
1385;6111;116;1485;martes, 9 de julio de 2019;viernes, 31 de enero de 2025
1386;6112;116;1486;miércoles, 1 de enero de 2020;viernes, 31 de enero de 2025
1387;6113;116;1487;miércoles, 12 de enero de 2022;viernes, 31 de enero de 2025
1388;6114;116;1488;sábado, 1 de enero de 2022;viernes, 31 de enero de 2025
1389;6115;116;1489;jueves, 27 de enero de 2022;viernes, 31 de enero de 2025
1390;6116;116;1490;martes, 4 de enero de 2011;viernes, 31 de enero de 2025
1391;6117;117;1491;miércoles, 6 de enero de 2021;viernes, 31 de enero de 2025
1392;6118;117;1492;sábado, 1 de enero de 2022;viernes, 31 de enero de 2025
1393;6119;117;1493;miércoles, 1 de enero de 2020;viernes, 31 de enero de 2025
1394;6120;117;1494;martes, 1 de enero de 2019;viernes, 31 de enero de 2025
1395;6121;117;1495;miércoles, 5 de enero de 2022;viernes, 31 de enero de 2025
1396;6122;117;1496;viernes, 1 de enero de 2021;viernes, 31 de enero de 2025
1397;6123;117;1497;lunes, 1 de julio de 2019;viernes, 31 de enero de 2025
1398;6124;117;1498;jueves, 27 de enero de 2022;viernes, 31 de enero de 2025
1399;6125;117;1499;martes, 5 de enero de 2021;viernes, 31 de enero de 2025
1400;6126;117;1500;sábado, 1 de enero de 2022;viernes, 31 de enero de 2025
1401;6127;117;1501;miércoles, 1 de enero de 2020;viernes, 31 de enero de 2025
1402;6128;117;1502;viernes, 1 de enero de 2016;viernes, 31 de enero de 2025
1403;6129;117;1503;jueves, 1 de julio de 2021;viernes, 31 de enero de 2025
1404;6130;117;1504;jueves, 27 de enero de 2022;viernes, 31 de enero de 2025
1405;6131;117;1505;martes, 9 de julio de 2019;viernes, 31 de enero de 2025
1406;6132;117;1506;miércoles, 1 de enero de 2020;viernes, 31 de enero de 2025
1407;6133;117;1507;miércoles, 12 de enero de 2022;viernes, 31 de enero de 2025
1408;6134;117;1508;sábado, 1 de enero de 2022;sábado, 31 de diciembre de 2022
1409;6135;117;1509;jueves, 27 de enero de 2022;viernes, 31 de enero de 2025
1410;6136;117;1510;martes, 4 de enero de 2011;viernes, 31 de enero de 2025
1411;6137;117;1511;miércoles, 6 de enero de 2021;viernes, 31 de enero de 2025
1412;6138;117;1512;sábado, 1 de enero de 2022;viernes, 31 de enero de 2025
1413;6139;117;1513;miércoles, 1 de enero de 2020;viernes, 31 de enero de 2025
1414;6140;117;1514;martes, 1 de enero de 2019;viernes, 31 de enero de 2025
1415;6141;117;1515;miércoles, 5 de enero de 2022;viernes, 31 de enero de 2025
1416;6142;117;1516;viernes, 1 de enero de 2021;viernes, 31 de enero de 2025
1417;6143;117;1517;lunes, 1 de julio de 2019;viernes, 31 de enero de 2025
1418;6144;117;1518;jueves, 27 de enero de 2022;viernes, 31 de enero de 2025
1419;6145;117;1519;martes, 5 de enero de 2021;viernes, 31 de enero de 2025
1420;6146;117;1520;sábado, 1 de enero de 2022;viernes, 31 de enero de 2025
1421;6147;117;1521;miércoles, 1 de enero de 2020;viernes, 31 de enero de 2025
1422;6148;117;1522;sábado, 1 de enero de 2022;martes, 20 de diciembre de 2022
1423;6149;117;1523;jueves, 13 de enero de 2022;viernes, 31 de enero de 2025
1424;6150;117;1524;jueves, 1 de julio de 2021;viernes, 31 de enero de 2025
1425;5000;118;1525;jueves, 24 de septiembre de 2020;viernes, 31 de enero de 2025
1426;5001;118;1526;miércoles, 13 de enero de 2021;viernes, 31 de enero de 2025
1427;5002;118;1527;sábado, 15 de enero de 2022;viernes, 31 de enero de 2025
1428;5003;118;1528;viernes, 1 de enero de 2021;viernes, 31 de enero de 2025
1429;5004;118;1529;martes, 4 de enero de 2022;viernes, 31 de enero de 2025
1430;5005;118;1530;martes, 4 de enero de 2022;viernes, 31 de enero de 2025
1431;5006;118;1531;viernes, 1 de enero de 2021;viernes, 31 de enero de 2025
1432;5007;118;1532;miércoles, 1 de enero de 2020;viernes, 31 de enero de 2025
1433;5008;118;1533;miércoles, 14 de julio de 2021;viernes, 31 de enero de 2025
1434;5009;118;1534;martes, 1 de diciembre de 2020;viernes, 31 de enero de 2025
1435;5010;118;1535;jueves, 6 de enero de 2022;viernes, 31 de enero de 2025
1436;5011;118;1536;viernes, 1 de enero de 2021;viernes, 31 de enero de 2025
1437;5012;118;1537;viernes, 1 de enero de 2021;viernes, 31 de enero de 2025
1438;5013;118;1538;jueves, 16 de enero de 2020;viernes, 31 de enero de 2025
1439;5014;118;1539;jueves, 27 de enero de 2022;viernes, 31 de enero de 2025
1440;5015;118;1540;martes, 9 de julio de 2019;viernes, 31 de enero de 2025
1441;5016;118;1541;miércoles, 1 de enero de 2020;viernes, 31 de enero de 2025
1442;5017;118;1542;miércoles, 12 de enero de 2022;viernes, 31 de enero de 2025
1443;5018;118;1543;sábado, 1 de enero de 2022;viernes, 31 de enero de 2025
1444;5019;118;1544;jueves, 27 de enero de 2022;jueves, 30 de junio de 2022
1445;5020;118;1545;martes, 4 de enero de 2011;viernes, 31 de enero de 2025
1446;5021;118;1546;miércoles, 6 de enero de 2021;viernes, 31 de enero de 2025
1447;5022;118;1547;sábado, 1 de enero de 2022;viernes, 31 de enero de 2025
1448;5023;118;1548;miércoles, 1 de enero de 2020;viernes, 31 de enero de 2025
1449;5024;118;1549;martes, 1 de enero de 2019;viernes, 31 de enero de 2025
1450;5025;118;1550;miércoles, 5 de enero de 2022;viernes, 31 de enero de 2025
1451;5026;118;1551;viernes, 1 de enero de 2021;viernes, 31 de enero de 2025
1452;5027;118;1552;lunes, 1 de julio de 2019;viernes, 31 de enero de 2025
1453;5028;118;1553;jueves, 27 de enero de 2022;viernes, 31 de enero de 2025
1454;5029;118;1554;martes, 5 de enero de 2021;viernes, 31 de enero de 2025
1455;5030;118;1555;sábado, 1 de enero de 2022;viernes, 31 de enero de 2025
1456;5031;118;1556;miércoles, 1 de enero de 2020;viernes, 31 de enero de 2025
1457;5032;119;1557;lunes, 1 de enero de 2018;viernes, 31 de enero de 2025
1458;5033;119;1558;domingo, 8 de agosto de 2021;viernes, 31 de enero de 2025
1459;5034;119;1559;domingo, 1 de julio de 2018;viernes, 31 de enero de 2025
1460;5035;119;1560;sábado, 1 de enero de 2022;viernes, 31 de enero de 2025
1461;5036;119;1561;lunes, 1 de enero de 2018;viernes, 31 de enero de 2025
1462;5037;119;1562;miércoles, 1 de enero de 2020;viernes, 31 de enero de 2025
1463;5038;119;1563;viernes, 1 de enero de 2021;viernes, 31 de enero de 2025
1464;5039;119;1564;domingo, 8 de agosto de 2021;viernes, 31 de enero de 2025
1465;5040;119;1565;sábado, 1 de enero de 2022;viernes, 31 de enero de 2025
1466;5041;119;1566;jueves, 27 de enero de 2022;viernes, 31 de enero de 2025
1467;5042;119;1567;martes, 9 de julio de 2019;viernes, 31 de enero de 2025
1468;5043;119;1568;miércoles, 1 de enero de 2020;viernes, 31 de enero de 2025
1469;5044;119;1569;miércoles, 12 de enero de 2022;viernes, 31 de enero de 2025
1470;5045;119;1570;sábado, 1 de enero de 2022;domingo, 31 de diciembre de 2023
1471;5046;119;1571;jueves, 27 de enero de 2022;viernes, 31 de enero de 2025
1472;5047;119;1572;martes, 4 de enero de 2011;sábado, 31 de diciembre de 2022
1473;5048;119;1573;miércoles, 6 de enero de 2021;viernes, 31 de enero de 2025
1474;5049;119;1574;sábado, 1 de enero de 2022;viernes, 31 de enero de 2025
1475;5050;119;1575;miércoles, 1 de enero de 2020;viernes, 31 de enero de 2025
1476;5051;119;1576;martes, 1 de enero de 2019;viernes, 31 de enero de 2025
1477;5052;119;1577;miércoles, 5 de enero de 2022;viernes, 31 de enero de 2025
1478;5053;119;1578;viernes, 1 de enero de 2021;viernes, 31 de enero de 2025
1479;5054;119;1579;lunes, 1 de julio de 2019;viernes, 31 de enero de 2025
1480;5055;119;1580;jueves, 27 de enero de 2022;viernes, 31 de enero de 2025
1481;5056;119;1581;martes, 5 de enero de 2021;domingo, 31 de diciembre de 2023
1482;5057;119;1582;sábado, 1 de enero de 2022;viernes, 31 de enero de 2025
1483;5058;119;1583;miércoles, 1 de enero de 2020;viernes, 31 de enero de 2025
1484;5059;119;1584;jueves, 6 de enero de 2022;viernes, 31 de enero de 2025
1485;5060;119;1585;jueves, 1 de julio de 2021;viernes, 31 de enero de 2025
1486;5061;119;1586;viernes, 20 de agosto de 2021;viernes, 31 de enero de 2025
1487;5062;119;1587;viernes, 1 de enero de 2021;viernes, 31 de enero de 2025
1488;5063;119;1588;lunes, 10 de enero de 2022;viernes, 31 de enero de 2025
1489;5064;119;1589;lunes, 6 de septiembre de 2021;viernes, 31 de enero de 2025
1490;5065;119;1590;martes, 1 de enero de 2019;viernes, 31 de enero de 2025
1491;5066;120;1591;martes, 11 de enero de 2022;viernes, 31 de enero de 2025
1492;5067;120;1592;domingo, 15 de diciembre de 2019;viernes, 31 de enero de 2025
1493;5068;120;1593;martes, 19 de enero de 2021;viernes, 31 de enero de 2025
1494;5069;120;1594;martes, 11 de enero de 2022;viernes, 31 de enero de 2025
1495;5070;120;1595;martes, 11 de enero de 2022;viernes, 31 de enero de 2025
1496;5071;120;1596;viernes, 15 de enero de 2021;viernes, 31 de enero de 2025
1497;5072;120;1597;jueves, 27 de enero de 2022;viernes, 31 de enero de 2025
1498;5073;120;1598;martes, 9 de julio de 2019;viernes, 31 de enero de 2025
1499;5074;120;1599;miércoles, 1 de enero de 2020;viernes, 31 de enero de 2025
1500;5075;120;1600;miércoles, 12 de enero de 2022;viernes, 31 de enero de 2025
1501;5076;120;1601;sábado, 1 de enero de 2022;viernes, 31 de enero de 2025
1502;5077;120;1602;jueves, 27 de enero de 2022;viernes, 31 de enero de 2025
1503;5078;120;1603;martes, 4 de enero de 2011;viernes, 31 de enero de 2025
1504;5079;120;1604;miércoles, 6 de enero de 2021;viernes, 31 de enero de 2025
1505;5080;120;1605;sábado, 1 de enero de 2022;viernes, 31 de enero de 2025
1506;5081;120;1606;miércoles, 1 de enero de 2020;viernes, 31 de enero de 2025
1507;5082;120;1607;martes, 1 de enero de 2019;viernes, 31 de enero de 2025
1508;5083;120;1608;miércoles, 5 de enero de 2022;viernes, 31 de enero de 2025
1509;5084;120;1609;viernes, 1 de enero de 2021;viernes, 31 de enero de 2025
1510;5085;120;1610;lunes, 1 de julio de 2019;viernes, 31 de enero de 2025
1511;5086;120;1611;jueves, 27 de enero de 2022;sábado, 31 de diciembre de 2022
1512;5087;120;1612;martes, 5 de enero de 2021;viernes, 31 de enero de 2025
1513;5088;120;1613;sábado, 1 de enero de 2022;viernes, 31 de enero de 2025
1514;5089;120;1614;miércoles, 1 de enero de 2020;viernes, 31 de enero de 2025
1515;5090;120;1615;jueves, 27 de enero de 2022;viernes, 31 de enero de 2025
1516;5091;120;1616;martes, 9 de julio de 2019;viernes, 31 de enero de 2025
1517;5092;120;1617;miércoles, 1 de enero de 2020;viernes, 31 de enero de 2025
1518;5093;120;1618;miércoles, 12 de enero de 2022;viernes, 31 de enero de 2025
;;;;;
;;;;;
;;;;;
;;;;;
;;;;;
;;;;;
;;;;;
;;;;;
;;;;;
;;;;;
;;;;;
;;;;;
;;;;;
;;;;;
;;;;;
;;;;;
;;;;;
;;;;;
;;;;;
;;;;;
;;;;;
;;;;;
;;;;;
;;;;;
;;;;;
;;;;;
;;;;;
;;;;;
;;;;;
;;;;;
;;;;;
;;;;;
